[
  {
    "name": "Hilfertshof",
    "lat": 52.224827,
    "lon": 5.176331
  },
  {
    "name": "Beeld en geluid",
    "lat": 52.235663,
    "lon": 5.172540
  },
  {
    "name": "ROC",
    "lat": 52.216036,
    "lon": 5.188179
  },
  {
    "name": "Brink",
    "lat": 52.224108,
    "lon": 5.172028
  },
  {
    "name": "Vue bioscoop",
    "lat": 52.227447,
    "lon": 5.178106
  },
  {
    "name": "Oude haven",
    "lat": 52.219770,
    "lon": 5.166142
  },
  {
    "name": "Gamma",
    "lat": 52.222693,
    "lon": 5.150672
  },
  {
    "name": "Gemeente huis",
    "lat": 52.229403,
    "lon": 5.168730
  },
  {
    "name": "Bibliotheek",
    "lat": 52.227316,
    "lon": 5.167390
  },
  {
    "name": "Station Hilversum",
    "lat": 52.226554,
    "lon": 5.180976
  },
  {
    "name": "'t Bluk",
    "lat": 52.235348,
    "lon": 5.220985
  },
  {
    "name": "Topje Anna's berg",
    "lat": 52.224413,
    "lon": 5.206765
  },
  {
    "name": "Brandweer",
    "lat": 52.227818,
    "lon": 5.200007
  },
  {
    "name": "La Place",
    "lat": 52.247173,
    "lon": 5.207572
  },
  {
    "name": "Spandersbosch",
    "lat": 52.248180,
    "lon": 5.171725
  },
  {
    "name": "Jumbo",
    "lat": 52.232757,
    "lon": 5.188840
  },
  {
    "name": "Coolste speeltuin",
    "lat": 52.233283,
    "lon": 5.193970
  },
  {
    "name": "Verloskundig centrum",
    "lat": 52.241602,
    "lon": 5.178485
  },
  {
    "name": "Studio stroop",
    "lat": 52.238201,
    "lon": 5.171426
  },
  {
    "name": "Rustplek",
    "lat": 52.237959,
    "lon": 5.166884
  },
  {
    "name": "Watertoren",
    "lat": 52.234241,
    "lon": 5.163733
  },
  {
    "name": "De zandzee",
    "lat": 52.266644,
    "lon": 5.155962
  },
  {
    "name": "De Boshut",
    "lat": 52.241635,
    "lon": 5.161037
  },
  {
    "name": "Vliegschool",
    "lat": 52.192719,
    "lon": 5.153504
  },
  {
    "name": "Spinnin' records",
    "lat": 52.211239,
    "lon": 5.193705
  },
  {
    "name": "Plus",
    "lat": 52.218778,
    "lon": 5.195320
  },
  {
    "name": "Elsplein",
    "lat": 52.216572,
    "lon": 5.198177
  },
  {
    "name": "Chef aan de Werf",
    "lat": 52.220701,
    "lon": 5.197280
  },
  {
    "name": "Alberdingk Thijm College",
    "lat": 52.213762,
    "lon": 5.184975
  },
  {
    "name": "Radio 538",
    "lat": 52.225488,
    "lon": 5.158192
  },
  {
    "name": "Gemeentelijk Gymnasium",
    "lat": 52.222668,
    "lon": 5.164270
  },
  {
    "name": "Annie M G Schmidt",
    "lat": 52.212837,
    "lon": 5.185219
  },
  {
    "name": "Laapersveld",
    "lat": 52.214985,
    "lon": 5.186101
  },
  {
    "name": "Hondenuitlaatzone",
    "lat": 52.219986,
    "lon": 5.203991
  },
  {
    "name": "Moe",
    "lat": 52.227054,
    "lon": 5.209076
  },
  {
    "name": "Berenkuil",
    "lat": 52.235603,
    "lon": 5.202663
  },
  {
    "name": "Dagcamping",
    "lat": 52.240918,
    "lon": 5.199045
  },
  {
    "name": "Ga maar terug gek",
    "lat": 52.249232,
    "lon": 5.211255
  },
  {
    "name": "Doodweg",
    "lat": 52.248186,
    "lon": 5.204800
  },
  {
    "name": "Erfgooiers speeltuin",
    "lat": 52.239199,
    "lon": 5.191452
  },
  {
    "name": "Donnerschool",
    "lat": 52.241076,
    "lon": 5.181747
  },
  {
    "name": "'t Pandje",
    "lat": 52.243966,
    "lon": 5.168783
  },
  {
    "name": "Appie",
    "lat": 52.214589,
    "lon": 5.156105
  },
  {
    "name": "Appie 2",
    "lat": 52.215833,
    "lon": 5.140842
  },
  {
    "name": "Straat",
    "lat": 52.232498,
    "lon": 5.181183
  },
  {
    "name": "Zuivelpad",
    "lat": 52.230267,
    "lon": 5.186915
  },
  {
    "name": "Hilfertsheem",
    "lat": 52.236392,
    "lon": 5.183132
  },
  {
    "name": "Speeltuintje",
    "lat": 52.233413,
    "lon": 5.200225
  },
  {
    "name": "Philips",
    "lat": 52.226822,
    "lon": 5.202140
  },
  {
    "name": "Schoolplein",
    "lat": 52.228463,
    "lon": 5.195670
  },
  {
    "name": "Sint Josephkerk",
    "lat": 52.224995,
    "lon": 5.190078
  },
  {
    "name": "De Wilgetoren",
    "lat": 52.222525,
    "lon": 5.194445
  },
  {
    "name": "De Heide",
    "lat": 52.230858,
    "lon": 5.203297
  },
  {
    "name": "Leeuwenkuil",
    "lat": 52.230263,
    "lon": 5.212684
  },
  {
    "name": "Heidepark",
    "lat": 52.220680,
    "lon": 5.209615
  },
  {
    "name": "Speeltuin A Hoeve",
    "lat": 52.222571,
    "lon": 5.201409
  },
  {
    "name": "Lange appie",
    "lat": 52.222164,
    "lon": 5.175846
  },
  {
    "name": "Speelplaats",
    "lat": 52.217898,
    "lon": 5.171757
  },
  {
    "name": "Dunkin Donuts",
    "lat": 52.224729,
    "lon": 5.177244
  },
  {
    "name": "Bowling Centrum",
    "lat": 52.226310,
    "lon": 5.172636
  },
  {
    "name": "Dudok speeltuin",
    "lat": 52.228019,
    "lon": 5.169788
  },
  {
    "name": "8ball",
    "lat": 52.230599,
    "lon": 5.170402
  },
  {
    "name": "Beatrix theater (utrecht)",
    "lat": 52.088650,
    "lon": 5.107889
  }
]